{
  "version": 1,
  "precision": "bf16",
  "source": "weight",
  "transform": "log1p",
  "eps": 1e-08,
  "clip_value": null,
  "num_tensors": 72,
  "num_elements": 2000000,
  "bit_indexing": "logical_lsb0",
  "bit_layout": {
    "sign": [
      15
    ],
    "exponent": [
      7,
      14
    ],
    "mantissa": [
      0,
      6
    ]
  },
  "table": [
    {
      "bit": 0,
      "field": "mantissa",
      "p0": 0.4994995,
      "p1": 0.5005005,
      "flip_0to1_conditional": 0.00563825573772192,
      "flip_0to1_unconditional": 0.002816305908203125,
      "flip_0to1_effective_rate": 0.4994995,
      "flip_1to0_conditional": 0.005613429006189108,
      "flip_1to0_unconditional": 0.00280952392578125,
      "flip_1to0_effective_rate": 0.5005005,
      "sa0_conditional": 0.005613429006189108,
      "sa0_unconditional": 0.00280952392578125,
      "sa0_effective_rate": 0.5005005,
      "sa1_conditional": 0.00563825573772192,
      "sa1_unconditional": 0.002816305908203125,
      "sa1_effective_rate": 0.4994995,
      "nan_rate_flip_0to1": 0.0,
      "inf_rate_flip_0to1": 0.0,
      "nan_rate_flip_1to0": 0.0,
      "inf_rate_flip_1to0": 0.0,
      "nan_rate_sa0": 0.0,
      "inf_rate_sa0": 0.0,
      "nan_rate_sa1": 0.0,
      "inf_rate_sa1": 0.0,
      "flip_0to1_unconditional_norm": 0.0006254224173107,
      "flip_1to0_unconditional_norm": 0.0006239184403079839,
      "sa0_unconditional_norm": 0.0006239184403079839,
      "sa1_unconditional_norm": 0.0006254224173107
    },
    {
      "bit": 1,
      "field": "mantissa",
      "p0": 0.500961,
      "p1": 0.499039,
      "flip_0to1_conditional": 0.011275860480964184,
      "flip_0to1_unconditional": 0.00564876611328125,
      "flip_0to1_effective_rate": 0.500961,
      "flip_1to0_conditional": 0.011161837726831436,
      "flip_1to0_unconditional": 0.00557019189453125,
      "flip_1to0_effective_rate": 0.499039,
      "sa0_conditional": 0.011161837726831436,
      "sa0_unconditional": 0.00557019189453125,
      "sa0_effective_rate": 0.499039,
      "sa1_conditional": 0.011275860480964184,
      "sa1_unconditional": 0.00564876611328125,
      "sa1_effective_rate": 0.500961,
      "nan_rate_flip_0to1": 0.0,
      "inf_rate_flip_0to1": 0.0,
      "nan_rate_flip_1to0": 0.0,
      "inf_rate_flip_1to0": 0.0,
      "nan_rate_sa0": 0.0,
      "inf_rate_sa0": 0.0,
      "nan_rate_sa1": 0.0,
      "inf_rate_sa1": 0.0,
      "flip_0to1_unconditional_norm": 0.0012526631754733414,
      "flip_1to0_unconditional_norm": 0.0012352869610329068,
      "sa0_unconditional_norm": 0.0012352869610329068,
      "sa1_unconditional_norm": 0.0012526631754733414
    },
    {
      "bit": 2,
      "field": "mantissa",
      "p0": 0.5032085,
      "p1": 0.4967915,
      "flip_0to1_conditional": 0.022550098598003387,
      "flip_0to1_unconditional": 0.0113474013671875,
      "flip_0to1_effective_rate": 0.5032085,
      "flip_1to0_conditional": 0.02206411585211754,
      "flip_1to0_unconditional": 0.0109612666015625,
      "flip_1to0_effective_rate": 0.4967915,
      "sa0_conditional": 0.02206411585211754,
      "sa0_unconditional": 0.0109612666015625,
      "sa0_effective_rate": 0.4967915,
      "sa1_conditional": 0.022550098598003387,
      "sa1_unconditional": 0.0113474013671875,
      "sa1_effective_rate": 0.5032085,
      "nan_rate_flip_0to1": 0.0,
      "inf_rate_flip_0to1": 0.0,
      "nan_rate_flip_1to0": 0.0,
      "inf_rate_flip_1to0": 0.0,
      "nan_rate_sa0": 0.0,
      "inf_rate_sa0": 0.0,
      "nan_rate_sa1": 0.0,
      "inf_rate_sa1": 0.0,
      "flip_0to1_unconditional_norm": 0.0025092757257743526,
      "flip_1to0_unconditional_norm": 0.002424352610568219,
      "sa0_unconditional_norm": 0.002424352610568219,
      "sa1_unconditional_norm": 0.0025092757257743526
    },
    {
      "bit": 3,
      "field": "mantissa",
      "p0": 0.508802,
      "p1": 0.491198,
      "flip_0to1_conditional": 0.04509245976805687,
      "flip_0to1_unconditional": 0.0229431328125,
      "flip_0to1_effective_rate": 0.508802,
      "flip_1to0_conditional": 0.04309726506471634,
      "flip_1to0_unconditional": 0.021169291015625,
      "flip_1to0_effective_rate": 0.491198,
      "sa0_conditional": 0.04309726506471634,
      "sa0_unconditional": 0.021169291015625,
      "sa0_effective_rate": 0.491198,
      "sa1_conditional": 0.04509245976805687,
      "sa1_unconditional": 0.0229431328125,
      "sa1_effective_rate": 0.508802,
      "nan_rate_flip_0to1": 0.0,
      "inf_rate_flip_0to1": 0.0,
      "nan_rate_flip_1to0": 0.0,
      "inf_rate_flip_1to0": 0.0,
      "nan_rate_sa0": 0.0,
      "inf_rate_sa0": 0.0,
      "nan_rate_sa1": 0.0,
      "inf_rate_sa1": 0.0,
      "flip_0to1_unconditional_norm": 0.0050445463473649645,
      "flip_1to0_unconditional_norm": 0.004658584243582003,
      "sa0_unconditional_norm": 0.004658584243582003,
      "sa1_unconditional_norm": 0.0050445463473649645
    },
    {
      "bit": 4,
      "field": "mantissa",
      "p0": 0.520594,
      "p1": 0.479406,
      "flip_0to1_conditional": 0.09002818167209625,
      "flip_0to1_unconditional": 0.04686812890625,
      "flip_0to1_effective_rate": 0.520594,
      "flip_1to0_conditional": 0.08224311470985413,
      "flip_1to0_unconditional": 0.03942784375,
      "flip_1to0_effective_rate": 0.479406,
      "sa0_conditional": 0.08224311470985413,
      "sa0_unconditional": 0.03942784375,
      "sa0_effective_rate": 0.479406,
      "sa1_conditional": 0.09002818167209625,
      "sa1_unconditional": 0.04686812890625,
      "sa1_effective_rate": 0.520594,
      "nan_rate_flip_0to1": 0.0,
      "inf_rate_flip_0to1": 0.0,
      "nan_rate_flip_1to0": 0.0,
      "inf_rate_flip_1to0": 0.0,
      "nan_rate_sa0": 0.0,
      "inf_rate_sa0": 0.0,
      "nan_rate_sa1": 0.0,
      "inf_rate_sa1": 0.0,
      "flip_0to1_unconditional_norm": 0.010185869751349146,
      "flip_1to0_unconditional_norm": 0.008599698946623059,
      "sa0_unconditional_norm": 0.008599698946623059,
      "sa1_unconditional_norm": 0.010185869751349146
    },
    {
      "bit": 5,
      "field": "mantissa",
      "p0": 0.542579,
      "p1": 0.457421,
      "flip_0to1_conditional": 0.17837831377983093,
      "flip_0to1_unconditional": 0.0967843359375,
      "flip_0to1_effective_rate": 0.542579,
      "flip_1to0_conditional": 0.1502705067396164,
      "flip_1to0_unconditional": 0.0687368828125,
      "flip_1to0_effective_rate": 0.457421,
      "sa0_conditional": 0.1502705067396164,
      "sa0_unconditional": 0.0687368828125,
      "sa0_effective_rate": 0.457421,
      "sa1_conditional": 0.17837831377983093,
      "sa1_unconditional": 0.0967843359375,
      "sa1_effective_rate": 0.542579,
      "nan_rate_flip_0to1": 0.0,
      "inf_rate_flip_0to1": 0.0,
      "nan_rate_flip_1to0": 0.0,
      "inf_rate_flip_1to0": 0.0,
      "nan_rate_sa0": 0.0,
      "inf_rate_sa0": 0.0,
      "nan_rate_sa1": 0.0,
      "inf_rate_sa1": 0.0,
      "flip_0to1_unconditional_norm": 0.020544448264533104,
      "flip_1to0_unconditional_norm": 0.014783556401072024,
      "sa0_unconditional_norm": 0.014783556401072024,
      "sa1_unconditional_norm": 0.020544448264533104
    },
    {
      "bit": 6,
      "field": "mantissa",
      "p0": 0.5826225,
      "p1": 0.4173775,
      "flip_0to1_conditional": 0.3443134129047394,
      "flip_0to1_unconditional": 0.20060475,
      "flip_0to1_effective_rate": 0.5826225,
      "flip_1to0_conditional": 0.254697322845459,
      "flip_1to0_unconditional": 0.1063049453125,
      "flip_1to0_effective_rate": 0.4173775,
      "sa0_conditional": 0.254697322845459,
      "sa0_unconditional": 0.1063049453125,
      "sa0_effective_rate": 0.4173775,
      "sa1_conditional": 0.3443134129047394,
      "sa1_unconditional": 0.20060475,
      "sa1_effective_rate": 0.5826225,
      "nan_rate_flip_0to1": 0.0,
      "inf_rate_flip_0to1": 0.0,
      "nan_rate_flip_1to0": 0.0,
      "inf_rate_flip_1to0": 0.0,
      "nan_rate_sa0": 0.0,
      "inf_rate_sa0": 0.0,
      "nan_rate_sa1": 0.0,
      "inf_rate_sa1": 0.0,