{
  "version": 1,
  "precision": "bf16",
  "source": "activation_input",
  "transform": "log1p",
  "eps": 1e-08,
  "clip_value": null,
  "num_tensors": 67,
  "num_elements": 210000,
  "bit_indexing": "logical_lsb0",
  "bit_layout": {
    "sign": [
      15
    ],
    "exponent": [
      7,
      14
    ],
    "mantissa": [
      0,
      6
    ]
  },
  "table": [
    {
      "bit": 0,
      "field": "mantissa",
      "p0": 0.9543809523809523,
      "p1": 0.04561904761904762,
      "flip_0to1_conditional": 0.00014085146540310234,
      "flip_0to1_unconditional": 0.00013442596253894625,
      "flip_0to1_effective_rate": 0.9543809523809523,
      "flip_1to0_conditional": 0.0029245377518236637,
      "flip_1to0_unconditional": 0.0001334146227155413,
      "flip_1to0_effective_rate": 0.04561904761904762,
      "sa0_conditional": 0.0029245377518236637,
      "sa0_unconditional": 0.0001334146227155413,
      "sa0_effective_rate": 0.04561904761904762,
      "sa1_conditional": 0.00014085146540310234,
      "sa1_unconditional": 0.00013442596253894625,
      "sa1_effective_rate": 0.9543809523809523,
      "nan_rate_flip_0to1": 0.0,
      "inf_rate_flip_0to1": 0.0,
      "nan_rate_flip_1to0": 0.0,
      "inf_rate_flip_1to0": 0.0,
      "nan_rate_sa0": 0.0,
      "inf_rate_sa0": 0.0,
      "nan_rate_sa1": 0.0,
      "inf_rate_sa1": 0.0,
      "flip_0to1_unconditional_norm": 4.035221972850502e-05,
      "flip_1to0_unconditional_norm": 4.00329757647639e-05,
      "sa0_unconditional_norm": 4.00329757647639e-05,
      "sa1_unconditional_norm": 4.035221972850502e-05
    },
    {
      "bit": 1,
      "field": "mantissa",
      "p0": 0.9547857142857142,
      "p1": 0.045214285714285714,
      "flip_0to1_conditional": 0.00028550648130476475,
      "flip_0to1_unconditional": 0.0002725974854968843,
      "flip_0to1_effective_rate": 0.9547857142857142,
      "flip_1to0_conditional": 0.005784159991890192,
      "flip_1to0_unconditional": 0.0002615266709100632,
      "flip_1to0_effective_rate": 0.045214285714285714,
      "sa0_conditional": 0.005784159991890192,
      "sa0_unconditional": 0.0002615266709100632,
      "sa0_effective_rate": 0.045214285714285714,
      "sa1_conditional": 0.00028550648130476475,
      "sa1_unconditional": 0.0002725974854968843,
      "sa1_effective_rate": 0.9547857142857142,
      "nan_rate_flip_0to1": 0.0,
      "inf_rate_flip_0to1": 0.0,
      "nan_rate_flip_1to0": 0.0,
      "inf_rate_flip_1to0": 0.0,
      "nan_rate_sa0": 0.0,
      "inf_rate_sa0": 0.0,
      "nan_rate_sa1": 0.0,
      "inf_rate_sa1": 0.0,
      "flip_0to1_unconditional_norm": 8.396501399569906e-05,
      "flip_1to0_unconditional_norm": 8.047081727502124e-05,
      "sa0_unconditional_norm": 8.047081727502124e-05,
      "sa1_unconditional_norm": 8.396501399569906e-05
    },
    {
      "bit": 2,
      "field": "mantissa",
      "p0": 0.9565,
      "p1": 0.0435,
      "flip_0to1_conditional": 0.0005656614084728062,
      "flip_0to1_unconditional": 0.0005410550798688616,
      "flip_0to1_effective_rate": 0.9565,
      "flip_1to0_conditional": 0.011977915652096272,
      "flip_1to0_unconditional": 0.0005210393269856771,
      "flip_1to0_effective_rate": 0.0435,
      "sa0_conditional": 0.011977915652096272,
      "sa0_unconditional": 0.0005210393269856771,
      "sa0_effective_rate": 0.0435,
      "sa1_conditional": 0.0005656614084728062,
      "sa1_unconditional": 0.0005410550798688616,
      "sa1_effective_rate": 0.9565,
      "nan_rate_flip_0to1": 0.0,
      "inf_rate_flip_0to1": 0.0,
      "nan_rate_flip_1to0": 0.0,
      "inf_rate_flip_1to0": 0.0,
      "nan_rate_sa0": 0.0,
      "inf_rate_sa0": 0.0,
      "nan_rate_sa1": 0.0,
      "inf_rate_sa1": 0.0,
      "flip_0to1_unconditional_norm": 0.00016868439869410968,
      "flip_1to0_unconditional_norm": 0.0001623686461820293,
      "sa0_unconditional_norm": 0.0001623686461820293,
      "sa1_unconditional_norm": 0.00016868439869410968
    },
    {
      "bit": 3,
      "field": "mantissa",
      "p0": 0.9565047619047619,
      "p1": 0.043495238095238094,
      "flip_0to1_conditional": 0.0011377070331946015,
      "flip_0to1_unconditional": 0.0010882223220098587,
      "flip_0to1_effective_rate": 0.9565047619047619,
      "flip_1to0_conditional": 0.023265227675437927,
      "flip_1to0_unconditional": 0.0010119265601748512,
      "flip_1to0_effective_rate": 0.043495238095238094,
      "sa0_conditional": 0.023265227675437927,
      "sa0_unconditional": 0.0010119265601748512,
      "sa0_effective_rate": 0.043495238095238094,
      "sa1_conditional": 0.0011377070331946015,
      "sa1_unconditional": 0.0010882223220098587,
      "sa1_effective_rate": 0.9565047619047619,
      "nan_rate_flip_0to1": 0.0,
      "inf_rate_flip_0to1": 0.0,
      "nan_rate_flip_1to0": 0.0,
      "inf_rate_flip_1to0": 0.0,
      "nan_rate_sa0": 0.0,
      "inf_rate_sa0": 0.0,
      "nan_rate_sa1": 0.0,
      "inf_rate_sa1": 0.0,
      "flip_0to1_unconditional_norm": 0.00034128813536560444,
      "flip_1to0_unconditional_norm": 0.0003172263219674139,
      "sa0_unconditional_norm": 0.0003172263219674139,
      "sa1_unconditional_norm": 0.00034128813536560444
    },
    {
      "bit": 4,
      "field": "mantissa",
      "p0": 0.9587809523809524,
      "p1": 0.04121904761904762,
      "flip_0to1_conditional": 0.002336954465135932,
      "flip_0to1_unconditional": 0.0022406273251488096,
      "flip_0to1_effective_rate": 0.9587809523809524,
      "flip_1to0_conditional": 0.04531481862068176,
      "flip_1to0_unconditional": 0.0018678336007254463,
      "flip_1to0_effective_rate": 0.04121904761904762,
      "sa0_conditional": 0.04531481862068176,
      "sa0_unconditional": 0.0018678336007254463,
      "sa0_effective_rate": 0.04121904761904762,
      "sa1_conditional": 0.002336954465135932,
      "sa1_unconditional": 0.0022406273251488096,
      "sa1_effective_rate": 0.9587809523809524,
      "nan_rate_flip_0to1": 0.0,
      "inf_rate_flip_0to1": 0.0,
      "nan_rate_flip_1to0": 0.0,
      "inf_rate_flip_1to0": 0.0,
      "nan_rate_sa0": 0.0,
      "inf_rate_sa0": 0.0,
      "nan_rate_sa1": 0.0,
      "inf_rate_sa1": 0.0,
      "flip_0to1_unconditional_norm": 0.0007045055610090123,
      "flip_1to0_unconditional_norm": 0.0005870533721988341,
      "sa0_unconditional_norm": 0.0005870533721988341,
      "sa1_unconditional_norm": 0.0007045055610090123
    },
    {
      "bit": 5,
      "field": "mantissa",
      "p0": 0.9609333333333333,
      "p1": 0.039066666666666666,
      "flip_0to1_conditional": 0.004790483042597771,
      "flip_0to1_unconditional": 0.0046033354259672615,
      "flip_0to1_effective_rate": 0.9609333333333333,
      "flip_1to0_conditional": 0.08388084173202515,
      "flip_1to0_unconditional": 0.0032769446963355655,
      "flip_1to0_effective_rate": 0.039066666666666666,
      "sa0_conditional": 0.08388084173202515,
      "sa0_unconditional": 0.0032769446963355655,
      "sa0_effective_rate": 0.039066666666666666,
      "sa1_conditional": 0.004790483042597771,
      "sa1_unconditional": 0.0046033354259672615,
      "sa1_effective_rate": 0.9609333333333333,
      "nan_rate_flip_0to1": 0.0,
      "inf_rate_flip_0to1": 0.0,
      "nan_rate_flip_1to0": 0.0,
      "inf_rate_flip_1to0": 0.0,
      "nan_rate_sa0": 0.0,
      "inf_rate_sa0": 0.0,
      "nan_rate_sa1": 0.0,
      "inf_rate_sa1": 0.0,
      "flip_0to1_unconditional_norm": 0.0014478847571130701,
      "flip_1to0_unconditional_norm": 0.001030777770074614,
      "sa0_unconditional_norm": 0.001030777770074614,
      "sa1_unconditional_norm": 0.0014478847571130701
    },
    {
      "bit": 6,
      "field": "mantissa",
      "p0": 0.9648142857142857,
      "p1": 0.035185714285714285,
      "flip_0to1_conditional": 0.009885902516543865,
      "flip_0to1_unconditional": 0.009538060360863096,
      "flip_0to1_effective_rate": 0.9648142857142857,
      "flip_1to0_conditional": 0.1441938877105713,
      "flip_1to0_unconditional": 0.005073564801897321,