{
  "version": 1,
  "precision": "bf16",
  "source": "activation_input",
  "transform": "log1p",
  "eps": 1e-08,
  "clip_value": null,
  "num_tensors": 67,
  "num_elements": 100000,
  "bit_indexing": "logical_lsb0",
  "bit_layout": {
    "sign": [
      15
    ],
    "exponent": [
      7,
      14
    ],
    "mantissa": [
      0,
      6
    ]
  },
  "table": [
    {
      "bit": 0,
      "field": "mantissa",
      "p0": 0.65553,
      "p1": 0.34447,
      "flip_0to1_conditional": 0.0030590686947107315,
      "flip_0to1_unconditional": 0.002005311279296875,
      "flip_0to1_effective_rate": 0.65553,
      "flip_1to0_conditional": 0.005637206137180328,
      "flip_1to0_unconditional": 0.0019418482971191406,
      "flip_1to0_effective_rate": 0.34447,
      "sa0_conditional": 0.005637206137180328,
      "sa0_unconditional": 0.0019418482971191406,
      "sa0_effective_rate": 0.34447,
      "sa1_conditional": 0.0030590686947107315,
      "sa1_unconditional": 0.002005311279296875,
      "sa1_effective_rate": 0.65553,
      "nan_rate_flip_0to1": 0.0,
      "inf_rate_flip_0to1": 0.0,
      "nan_rate_flip_1to0": 0.0,
      "inf_rate_flip_1to0": 0.0,
      "nan_rate_sa0": 0.0,
      "inf_rate_sa0": 0.0,
      "nan_rate_sa1": 0.0,
      "inf_rate_sa1": 0.0,
      "flip_0to1_unconditional_norm": 0.00047349515752674647,
      "flip_1to0_unconditional_norm": 0.0004585247702416276,
      "sa0_unconditional_norm": 0.0004585247702416276,
      "sa1_unconditional_norm": 0.00047349515752674647
    },
    {
      "bit": 1,
      "field": "mantissa",
      "p0": 0.65057,
      "p1": 0.34943,
      "flip_0to1_conditional": 0.006090816110372543,
      "flip_0to1_unconditional": 0.00396250244140625,
      "flip_0to1_effective_rate": 0.65057,
      "flip_1to0_conditional": 0.011186249554157257,
      "flip_1to0_unconditional": 0.00390881103515625,
      "flip_1to0_effective_rate": 0.34943,
      "sa0_conditional": 0.011186249554157257,
      "sa0_unconditional": 0.00390881103515625,
      "sa0_effective_rate": 0.34943,
      "sa1_conditional": 0.006090816110372543,
      "sa1_unconditional": 0.00396250244140625,
      "sa1_effective_rate": 0.65057,
      "nan_rate_flip_0to1": 0.0,
      "inf_rate_flip_0to1": 0.0,
      "nan_rate_flip_1to0": 0.0,
      "inf_rate_flip_1to0": 0.0,
      "nan_rate_sa0": 0.0,
      "inf_rate_sa0": 0.0,
      "nan_rate_sa1": 0.0,
      "inf_rate_sa1": 0.0,
      "flip_0to1_unconditional_norm": 0.0009347152820465143,
      "flip_1to0_unconditional_norm": 0.0009220746808661571,
      "sa0_unconditional_norm": 0.0009220746808661571,
      "sa1_unconditional_norm": 0.0009347152820465143
    },
    {
      "bit": 2,
      "field": "mantissa",
      "p0": 0.65522,
      "p1": 0.34478,
      "flip_0to1_conditional": 0.012269538827240467,
      "flip_0to1_unconditional": 0.008039247436523438,
      "flip_0to1_effective_rate": 0.65522,
      "flip_1to0_conditional": 0.02207917347550392,
      "flip_1to0_unconditional": 0.007612457275390625,
      "flip_1to0_effective_rate": 0.34478,
      "sa0_conditional": 0.02207917347550392,
      "sa0_unconditional": 0.007612457275390625,
      "sa0_effective_rate": 0.34478,
      "sa1_conditional": 0.012269538827240467,
      "sa1_unconditional": 0.008039247436523438,
      "sa1_effective_rate": 0.65522,
      "nan_rate_flip_0to1": 0.0,
      "inf_rate_flip_0to1": 0.0,
      "nan_rate_flip_1to0": 0.0,
      "inf_rate_flip_1to0": 0.0,
      "nan_rate_sa0": 0.0,
      "inf_rate_sa0": 0.0,
      "nan_rate_sa1": 0.0,
      "inf_rate_sa1": 0.0,
      "flip_0to1_unconditional_norm": 0.0018925368501772608,
      "flip_1to0_unconditional_norm": 0.001792445225072885,
      "sa0_unconditional_norm": 0.001792445225072885,
      "sa1_unconditional_norm": 0.0018925368501772608
    },
    {
      "bit": 3,
      "field": "mantissa",
      "p0": 0.65931,
      "p1": 0.34069,
      "flip_0to1_conditional": 0.0246577188372612,
      "flip_0to1_unconditional": 0.016257080078125,
      "flip_0to1_effective_rate": 0.65931,
      "flip_1to0_conditional": 0.04312177374958992,
      "flip_1to0_unconditional": 0.0146911572265625,
      "flip_1to0_effective_rate": 0.34069,
      "sa0_conditional": 0.04312177374958992,
      "sa0_unconditional": 0.0146911572265625,
      "sa0_effective_rate": 0.34069,
      "sa1_conditional": 0.0246577188372612,
      "sa1_unconditional": 0.016257080078125,
      "sa1_effective_rate": 0.65931,
      "nan_rate_flip_0to1": 0.0,
      "inf_rate_flip_0to1": 0.0,
      "nan_rate_flip_1to0": 0.0,
      "inf_rate_flip_1to0": 0.0,
      "nan_rate_sa0": 0.0,
      "inf_rate_sa0": 0.0,
      "nan_rate_sa1": 0.0,
      "inf_rate_sa1": 0.0,
      "flip_0to1_unconditional_norm": 0.003811578569891615,
      "flip_1to0_unconditional_norm": 0.0034471013259117626,
      "sa0_unconditional_norm": 0.0034471013259117626,
      "sa1_unconditional_norm": 0.003811578569891615
    },
    {
      "bit": 4,
      "field": "mantissa",
      "p0": 0.66789,
      "p1": 0.33211,
      "flip_0to1_conditional": 0.049716051667928696,
      "flip_0to1_unconditional": 0.033204853515625,
      "flip_0to1_effective_rate": 0.66789,
      "flip_1to0_conditional": 0.08230693638324738,
      "flip_1to0_unconditional": 0.0273349560546875,
      "flip_1to0_effective_rate": 0.33211,
      "sa0_conditional": 0.08230693638324738,
      "sa0_unconditional": 0.0273349560546875,
      "sa0_effective_rate": 0.33211,
      "sa1_conditional": 0.049716051667928696,
      "sa1_unconditional": 0.033204853515625,
      "sa1_effective_rate": 0.66789,
      "nan_rate_flip_0to1": 0.0,
      "inf_rate_flip_0to1": 0.0,
      "nan_rate_flip_1to0": 0.0,
      "inf_rate_flip_1to0": 0.0,
      "nan_rate_sa0": 0.0,
      "inf_rate_sa0": 0.0,
      "nan_rate_sa1": 0.0,
      "inf_rate_sa1": 0.0,
      "flip_0to1_unconditional_norm": 0.007720721216553538,
      "flip_1to0_unconditional_norm": 0.0063740874337295155,
      "sa0_unconditional_norm": 0.0063740874337295155,
      "sa1_unconditional_norm": 0.007720721216553538
    },
    {
      "bit": 5,
      "field": "mantissa",
      "p0": 0.67991,
      "p1": 0.32009,
      "flip_0to1_conditional": 0.0999482274055481,
      "flip_0to1_unconditional": 0.06795580078125,
      "flip_0to1_effective_rate": 0.67991,
      "flip_1to0_conditional": 0.15043194591999054,
      "flip_1to0_unconditional": 0.0481517626953125,
      "flip_1to0_effective_rate": 0.32009,
      "sa0_conditional": 0.15043194591999054,
      "sa0_unconditional": 0.0481517626953125,
      "sa0_effective_rate": 0.32009,
      "sa1_conditional": 0.0999482274055481,
      "sa1_unconditional": 0.06795580078125,
      "sa1_effective_rate": 0.67991,
      "nan_rate_flip_0to1": 0.0,
      "inf_rate_flip_0to1": 0.0,
      "nan_rate_flip_1to0": 0.0,
      "inf_rate_flip_1to0": 0.0,
      "nan_rate_sa0": 0.0,
      "inf_rate_sa0": 0.0,
      "nan_rate_sa1": 0.0,
      "inf_rate_sa1": 0.0,
      "flip_0to1_unconditional_norm": 0.015539624048332961,
      "flip_1to0_unconditional_norm": 0.011115497730683014,
      "sa0_unconditional_norm": 0.011115497730683014,
      "sa1_unconditional_norm": 0.015539624048332961
    },
    {
      "bit": 6,
      "field": "mantissa",
      "p0": 0.71087,
      "p1": 0.28913,
      "flip_0to1_conditional": 0.1991950422525406,
      "flip_0to1_unconditional": 0.141601767578125,
      "flip_0to1_effective_rate": 0.71087,
      "flip_1to0_conditional": 0.2547284960746765,
      "flip_1to0_unconditional": 0.073649658203125,
      "flip_1to0_effective_rate": 0.28913,
      "sa0_conditional": 0.2547284960746765,
      "sa0_unconditional": 0.073649658203125,
      "sa0_effective_rate": 0.28913,
      "sa1_conditional": 0.1991950422525406,
      "sa1_unconditional": 0.141601767578125,
      "sa1_effective_rate": 0.71087,
      "nan_rate_flip_0to1": 0.0,
      "inf_rate_flip_0to1": 0.0,
      "nan_rate_flip_1to0": 0.0,
      "inf_rate_flip_1to0": 0.0,
      "nan_rate_sa0": 0.0,
      "inf_rate_sa0": 0.0,
      "nan_rate_sa1": 0.0,