{
  "version": 1,
  "precision": "bf16",
  "source": "weight",
  "transform": "log1p",
  "eps": 1e-08,
  "clip_value": null,
  "num_tensors": 144,
  "num_elements": 2000000,
  "bit_indexing": "logical_lsb0",
  "bit_layout": {
    "sign": [
      15
    ],
    "exponent": [
      7,
      14
    ],
    "mantissa": [
      0,
      6
    ]
  },
  "table": [
    {
      "bit": 0,
      "field": "mantissa",
      "p0": 0.499659,
      "p1": 0.500341,
      "flip_0to1_conditional": 0.00563650531694293,
      "flip_0to1_unconditional": 0.00281633056640625,
      "flip_0to1_effective_rate": 0.499659,
      "flip_1to0_conditional": 0.005614731926470995,
      "flip_1to0_unconditional": 0.002809280517578125,
      "flip_1to0_effective_rate": 0.500341,
      "sa0_conditional": 0.005614731926470995,
      "sa0_unconditional": 0.002809280517578125,
      "sa0_effective_rate": 0.500341,
      "sa1_conditional": 0.00563650531694293,
      "sa1_unconditional": 0.00281633056640625,
      "sa1_effective_rate": 0.499659,
      "nan_rate_flip_0to1": 0.0,
      "inf_rate_flip_0to1": 0.0,
      "nan_rate_flip_1to0": 0.0,
      "inf_rate_flip_1to0": 0.0,
      "nan_rate_sa0": 0.0,
      "inf_rate_sa0": 0.0,
      "nan_rate_sa1": 0.0,
      "inf_rate_sa1": 0.0,
      "flip_0to1_unconditional_norm": 0.0006254281459426543,
      "flip_1to0_unconditional_norm": 0.0006238647215310881,
      "sa0_unconditional_norm": 0.0006238647215310881,
      "sa1_unconditional_norm": 0.0006254281459426543
    },
    {
      "bit": 1,
      "field": "mantissa",
      "p0": 0.5004615,
      "p1": 0.4995385,
      "flip_0to1_conditional": 0.011272059753537178,
      "flip_0to1_unconditional": 0.00564123193359375,
      "flip_0to1_effective_rate": 0.5004615,
      "flip_1to0_conditional": 0.011164885014295578,
      "flip_1to0_unconditional": 0.0055772900390625,
      "flip_1to0_effective_rate": 0.4995385,
      "sa0_conditional": 0.011164885014295578,
      "sa0_unconditional": 0.0055772900390625,
      "sa0_effective_rate": 0.4995385,
      "sa1_conditional": 0.011272059753537178,
      "sa1_unconditional": 0.00564123193359375,
      "sa1_effective_rate": 0.5004615,
      "nan_rate_flip_0to1": 0.0,
      "inf_rate_flip_0to1": 0.0,
      "nan_rate_flip_1to0": 0.0,
      "inf_rate_flip_1to0": 0.0,
      "nan_rate_sa0": 0.0,
      "inf_rate_sa0": 0.0,
      "nan_rate_sa1": 0.0,
      "inf_rate_sa1": 0.0,
      "flip_0to1_unconditional_norm": 0.001250997616859169,
      "flip_1to0_unconditional_norm": 0.0012368572436919673,
      "sa0_unconditional_norm": 0.0012368572436919673,
      "sa1_unconditional_norm": 0.001250997616859169
    },
    {
      "bit": 2,
      "field": "mantissa",
      "p0": 0.503049,
      "p1": 0.496951,
      "flip_0to1_conditional": 0.022555578500032425,
      "flip_0to1_unconditional": 0.0113465615234375,
      "flip_0to1_effective_rate": 0.503049,
      "flip_1to0_conditional": 0.02205698750913143,
      "flip_1to0_unconditional": 0.0109612421875,
      "flip_1to0_effective_rate": 0.496951,
      "sa0_conditional": 0.02205698750913143,
      "sa0_unconditional": 0.0109612421875,
      "sa0_effective_rate": 0.496951,
      "sa1_conditional": 0.022555578500032425,
      "sa1_unconditional": 0.0113465615234375,
      "sa1_effective_rate": 0.503049,
      "nan_rate_flip_0to1": 0.0,
      "inf_rate_flip_0to1": 0.0,
      "nan_rate_flip_1to0": 0.0,
      "inf_rate_flip_1to0": 0.0,
      "nan_rate_sa0": 0.0,
      "inf_rate_sa0": 0.0,
      "nan_rate_sa1": 0.0,
      "inf_rate_sa1": 0.0,
      "flip_0to1_unconditional_norm": 0.00250909209784148,
      "flip_1to0_unconditional_norm": 0.002424348249634776,
      "sa0_unconditional_norm": 0.002424348249634776,
      "sa1_unconditional_norm": 0.00250909209784148
    },
    {
      "bit": 3,
      "field": "mantissa",
      "p0": 0.508442,
      "p1": 0.491558,
      "flip_0to1_conditional": 0.04509763419628143,
      "flip_0to1_unconditional": 0.022929533203125,
      "flip_0to1_effective_rate": 0.508442,
      "flip_1to0_conditional": 0.04308990389108658,
      "flip_1to0_unconditional": 0.021181189453125,
      "flip_1to0_effective_rate": 0.491558,
      "sa0_conditional": 0.04308990389108658,
      "sa0_unconditional": 0.021181189453125,
      "sa0_effective_rate": 0.491558,
      "sa1_conditional": 0.04509763419628143,
      "sa1_unconditional": 0.022929533203125,
      "sa1_effective_rate": 0.508442,
      "nan_rate_flip_0to1": 0.0,
      "inf_rate_flip_0to1": 0.0,
      "nan_rate_flip_1to0": 0.0,
      "inf_rate_flip_1to0": 0.0,
      "nan_rate_sa0": 0.0,
      "inf_rate_sa0": 0.0,
      "nan_rate_sa1": 0.0,
      "inf_rate_sa1": 0.0,
      "flip_0to1_unconditional_norm": 0.005041591916744958,
      "flip_1to0_unconditional_norm": 0.004661177343803695,
      "sa0_unconditional_norm": 0.004661177343803695,
      "sa1_unconditional_norm": 0.005041591916744958
    },
    {
      "bit": 4,
      "field": "mantissa",
      "p0": 0.520132,
      "p1": 0.479868,
      "flip_0to1_conditional": 0.09002090245485306,
      "flip_0to1_unconditional": 0.04682275,
      "flip_0to1_effective_rate": 0.520132,
      "flip_1to0_conditional": 0.08225162327289581,
      "flip_1to0_unconditional": 0.03946992578125,
      "flip_1to0_effective_rate": 0.479868,
      "sa0_conditional": 0.08225162327289581,
      "sa0_unconditional": 0.03946992578125,
      "sa0_effective_rate": 0.479868,
      "sa1_conditional": 0.09002090245485306,
      "sa1_unconditional": 0.04682275,
      "sa1_effective_rate": 0.520132,
      "nan_rate_flip_0to1": 0.0,
      "inf_rate_flip_0to1": 0.0,
      "nan_rate_flip_1to0": 0.0,
      "inf_rate_flip_1to0": 0.0,
      "nan_rate_sa0": 0.0,
      "inf_rate_sa0": 0.0,
      "nan_rate_sa1": 0.0,
      "inf_rate_sa1": 0.0,
      "flip_0to1_unconditional_norm": 0.010176234013655718,
      "flip_1to0_unconditional_norm": 0.00860870575440221,
      "sa0_unconditional_norm": 0.00860870575440221,
      "sa1_unconditional_norm": 0.010176234013655718
    },
    {
      "bit": 5,
      "field": "mantissa",
      "p0": 0.541927,
      "p1": 0.458073,
      "flip_0to1_conditional": 0.17843680083751678,
      "flip_0to1_unconditional": 0.09669971875,
      "flip_0to1_effective_rate": 0.541927,
      "flip_1to0_conditional": 0.15022775530815125,
      "flip_1to0_unconditional": 0.0688152890625,
      "flip_1to0_effective_rate": 0.458073,
      "sa0_conditional": 0.15022775530815125,
      "sa0_unconditional": 0.0688152890625,
      "sa0_effective_rate": 0.458073,
      "sa1_conditional": 0.17843680083751678,
      "sa1_unconditional": 0.09669971875,
      "sa1_effective_rate": 0.541927,
      "nan_rate_flip_0to1": 0.0,
      "inf_rate_flip_0to1": 0.0,
      "nan_rate_flip_1to0": 0.0,
      "inf_rate_flip_1to0": 0.0,
      "nan_rate_sa0": 0.0,
      "inf_rate_sa0": 0.0,
      "nan_rate_sa1": 0.0,
      "inf_rate_sa1": 0.0,
      "flip_0to1_unconditional_norm": 0.0205272991325438,
      "flip_1to0_unconditional_norm": 0.014799876862497553,
      "sa0_unconditional_norm": 0.014799876862497553,
      "sa1_unconditional_norm": 0.0205272991325438
    },
    {
      "bit": 6,
      "field": "mantissa",
      "p0": 0.582897,
      "p1": 0.417103,
      "flip_0to1_conditional": 0.3442920446395874,
      "flip_0to1_unconditional": 0.200686796875,
      "flip_0to1_effective_rate": 0.582897,
      "flip_1to0_conditional": 0.2546416223049164,
      "flip_1to0_unconditional": 0.10621178125,
      "flip_1to0_effective_rate": 0.417103,
      "sa0_conditional": 0.2546416223049164,
      "sa0_unconditional": 0.10621178125,
      "sa0_effective_rate": 0.417103,
      "sa1_conditional": 0.3442920446395874,
      "sa1_unconditional": 0.200686796875,
      "sa1_effective_rate": 0.582897,
      "nan_rate_flip_0to1": 0.0,
      "inf_rate_flip_0to1": 0.0,
      "nan_rate_flip_1to0": 0.0,
      "inf_rate_flip_1to0": 0.0,
      "nan_rate_sa0": 0.0,
      "inf_rate_sa0": 0.0,
      "nan_rate_sa1": 0.0,
      "inf_rate_sa1": 0.0,