{
  "version": 1,
  "precision": "bf16",
  "source": "weight",
  "transform": "log1p",
  "eps": 1e-08,
  "clip_value": null,
  "num_tensors": 36,
  "num_elements": 2000000,
  "bit_indexing": "logical_lsb0",
  "bit_layout": {
    "sign": [
      15
    ],
    "exponent": [
      7,
      14
    ],
    "mantissa": [
      0,
      6
    ]
  },
  "table": [
    {
      "bit": 0,
      "field": "mantissa",
      "p0": 0.499426,
      "p1": 0.500574,
      "flip_0to1_conditional": 0.005637036636471748,
      "flip_0to1_unconditional": 0.00281528271484375,
      "flip_0to1_effective_rate": 0.499426,
      "flip_1to0_conditional": 0.005614609457552433,
      "flip_1to0_unconditional": 0.002810527587890625,
      "flip_1to0_effective_rate": 0.500574,
      "sa0_conditional": 0.005614609457552433,
      "sa0_unconditional": 0.002810527587890625,
      "sa0_effective_rate": 0.500574,
      "sa1_conditional": 0.005637036636471748,
      "sa1_unconditional": 0.00281528271484375,
      "sa1_effective_rate": 0.499426,
      "nan_rate_flip_0to1": 0.0,
      "inf_rate_flip_0to1": 0.0,
      "nan_rate_flip_1to0": 0.0,
      "inf_rate_flip_1to0": 0.0,
      "nan_rate_sa0": 0.0,
      "inf_rate_sa0": 0.0,
      "nan_rate_sa1": 0.0,
      "inf_rate_sa1": 0.0,
      "flip_0to1_unconditional_norm": 0.000625195575895944,
      "flip_1to0_unconditional_norm": 0.0006241410756161888,
      "sa0_unconditional_norm": 0.0006241410756161888,
      "sa1_unconditional_norm": 0.000625195575895944
    },
    {
      "bit": 1,
      "field": "mantissa",
      "p0": 0.5008175,
      "p1": 0.4991825,
      "flip_0to1_conditional": 0.01127777062356472,
      "flip_0to1_unconditional": 0.00564810498046875,
      "flip_0to1_effective_rate": 0.5008175,
      "flip_1to0_conditional": 0.011159872636198997,
      "flip_1to0_unconditional": 0.00557081298828125,
      "flip_1to0_effective_rate": 0.4991825,
      "sa0_conditional": 0.011159872636198997,
      "sa0_unconditional": 0.00557081298828125,
      "sa0_effective_rate": 0.4991825,
      "sa1_conditional": 0.01127777062356472,
      "sa1_unconditional": 0.00564810498046875,
      "sa1_effective_rate": 0.5008175,
      "nan_rate_flip_0to1": 0.0,
      "inf_rate_flip_0to1": 0.0,
      "nan_rate_flip_1to0": 0.0,
      "inf_rate_flip_1to0": 0.0,
      "nan_rate_sa0": 0.0,
      "inf_rate_sa0": 0.0,
      "nan_rate_sa1": 0.0,
      "inf_rate_sa1": 0.0,
      "flip_0to1_unconditional_norm": 0.0012525170997834032,
      "flip_1to0_unconditional_norm": 0.001235424439977001,
      "sa0_unconditional_norm": 0.001235424439977001,
      "sa1_unconditional_norm": 0.0012525170997834032
    },
    {
      "bit": 2,
      "field": "mantissa",
      "p0": 0.5029475,
      "p1": 0.4970525,
      "flip_0to1_conditional": 0.022546663880348206,
      "flip_0to1_unconditional": 0.0113397890625,
      "flip_0to1_effective_rate": 0.5029475,
      "flip_1to0_conditional": 0.022067688405513763,
      "flip_1to0_unconditional": 0.01096880078125,
      "flip_1to0_effective_rate": 0.4970525,
      "sa0_conditional": 0.022067688405513763,
      "sa0_unconditional": 0.01096880078125,
      "sa0_effective_rate": 0.4970525,
      "sa1_conditional": 0.022546663880348206,
      "sa1_unconditional": 0.0113397890625,
      "sa1_effective_rate": 0.5029475,
      "nan_rate_flip_0to1": 0.0,
      "inf_rate_flip_0to1": 0.0,
      "nan_rate_flip_1to0": 0.0,
      "inf_rate_flip_1to0": 0.0,
      "nan_rate_sa0": 0.0,
      "inf_rate_sa0": 0.0,
      "nan_rate_sa1": 0.0,
      "inf_rate_sa1": 0.0,
      "flip_0to1_unconditional_norm": 0.0025076021037596973,
      "flip_1to0_unconditional_norm": 0.0024260101631610443,
      "sa0_unconditional_norm": 0.0024260101631610443,
      "sa1_unconditional_norm": 0.0025076021037596973
    },
    {
      "bit": 3,
      "field": "mantissa",
      "p0": 0.5088835,
      "p1": 0.4911165,
      "flip_0to1_conditional": 0.04509585350751877,
      "flip_0to1_unconditional": 0.022948537109375,
      "flip_0to1_effective_rate": 0.5088835,
      "flip_1to0_conditional": 0.04309309646487236,
      "flip_1to0_unconditional": 0.021163728515625,
      "flip_1to0_effective_rate": 0.4911165,
      "sa0_conditional": 0.04309309646487236,
      "sa0_unconditional": 0.021163728515625,
      "sa0_effective_rate": 0.4911165,
      "sa1_conditional": 0.04509585350751877,
      "sa1_unconditional": 0.022948537109375,
      "sa1_effective_rate": 0.5088835,
      "nan_rate_flip_0to1": 0.0,
      "inf_rate_flip_0to1": 0.0,
      "nan_rate_flip_1to0": 0.0,
      "inf_rate_flip_1to0": 0.0,
      "nan_rate_sa0": 0.0,
      "inf_rate_sa0": 0.0,
      "nan_rate_sa1": 0.0,
      "inf_rate_sa1": 0.0,
      "flip_0to1_unconditional_norm": 0.005045721720861781,
      "flip_1to0_unconditional_norm": 0.0046573733322604685,
      "sa0_unconditional_norm": 0.0046573733322604685,
      "sa1_unconditional_norm": 0.005045721720861781
    },
    {
      "bit": 4,
      "field": "mantissa",
      "p0": 0.52065,
      "p1": 0.47935,
      "flip_0to1_conditional": 0.09003572165966034,
      "flip_0to1_unconditional": 0.04687709765625,
      "flip_0to1_effective_rate": 0.52065,
      "flip_1to0_conditional": 0.08223335444927216,
      "flip_1to0_unconditional": 0.0394185546875,
      "flip_1to0_effective_rate": 0.47935,
      "sa0_conditional": 0.08223335444927216,
      "sa0_unconditional": 0.0394185546875,
      "sa0_effective_rate": 0.47935,
      "sa1_conditional": 0.09003572165966034,
      "sa1_unconditional": 0.04687709765625,
      "sa1_effective_rate": 0.52065,
      "nan_rate_flip_0to1": 0.0,
      "inf_rate_flip_0to1": 0.0,
      "nan_rate_flip_1to0": 0.0,
      "inf_rate_flip_1to0": 0.0,
      "nan_rate_sa0": 0.0,
      "inf_rate_sa0": 0.0,
      "nan_rate_sa1": 0.0,
      "inf_rate_sa1": 0.0,
      "flip_0to1_unconditional_norm": 0.010187775970006592,
      "flip_1to0_unconditional_norm": 0.00859771240521958,
      "sa0_unconditional_norm": 0.00859771240521958,
      "sa1_unconditional_norm": 0.010187775970006592
    },
    {
      "bit": 5,
      "field": "mantissa",
      "p0": 0.542056,
      "p1": 0.457944,
      "flip_0to1_conditional": 0.17840170860290527,
      "flip_0to1_unconditional": 0.0967037265625,
      "flip_0to1_effective_rate": 0.542056,
      "flip_1to0_conditional": 0.15027348697185516,
      "flip_1to0_unconditional": 0.06881684375,
      "flip_1to0_effective_rate": 0.457944,
      "sa0_conditional": 0.15027348697185516,
      "sa0_unconditional": 0.06881684375,
      "sa0_effective_rate": 0.457944,
      "sa1_conditional": 0.17840170860290527,
      "sa1_unconditional": 0.0967037265625,
      "sa1_effective_rate": 0.542056,
      "nan_rate_flip_0to1": 0.0,
      "inf_rate_flip_0to1": 0.0,
      "nan_rate_flip_1to0": 0.0,
      "inf_rate_flip_1to0": 0.0,
      "nan_rate_sa0": 0.0,
      "inf_rate_sa0": 0.0,
      "nan_rate_sa1": 0.0,
      "inf_rate_sa1": 0.0,
      "flip_0to1_unconditional_norm": 0.020528105307149852,
      "flip_1to0_unconditional_norm": 0.014800195644996721,
      "sa0_unconditional_norm": 0.014800195644996721,
      "sa1_unconditional_norm": 0.020528105307149852
    },
    {
      "bit": 6,
      "field": "mantissa",
      "p0": 0.582798,
      "p1": 0.417202,
      "flip_0to1_conditional": 0.34431222081184387,
      "flip_0to1_unconditional": 0.20066446875,
      "flip_0to1_effective_rate": 0.582798,
      "flip_1to0_conditional": 0.2546582520008087,
      "flip_1to0_unconditional": 0.1062439375,
      "flip_1to0_effective_rate": 0.417202,
      "sa0_conditional": 0.2546582520008087,
      "sa0_unconditional": 0.1062439375,
      "sa0_effective_rate": 0.417202,
      "sa1_conditional": 0.34431222081184387,
      "sa1_unconditional": 0.20066446875,
      "sa1_effective_rate": 0.582798,
      "nan_rate_flip_0to1": 0.0,
      "inf_rate_flip_0to1": 0.0,
      "nan_rate_flip_1to0": 0.0,
      "inf_rate_flip_1to0": 0.0,
      "nan_rate_sa0": 0.0,
      "inf_rate_sa0": 0.0,
      "nan_rate_sa1": 0.0,
      "inf_rate_sa1": 0.0,