{
  "version": 1,
  "precision": "bf16",
  "source": "activation_input",
  "transform": "log1p",
  "eps": 1e-08,
  "clip_value": null,
  "num_tensors": 67,
  "num_elements": 370000,
  "bit_indexing": "logical_lsb0",
  "bit_layout": {
    "sign": [
      15
    ],
    "exponent": [
      7,
      14
    ],
    "mantissa": [
      0,
      6
    ]
  },
  "table": [
    {
      "bit": 0,
      "field": "mantissa",
      "p0": 0.9086054054054054,
      "p1": 0.09139459459459459,
      "flip_0to1_conditional": 0.00016869866522029042,
      "flip_0to1_unconditional": 0.0001532805159285262,
      "flip_0to1_effective_rate": 0.9086054054054054,
      "flip_1to0_conditional": 0.0016438590828329325,
      "flip_1to0_unconditional": 0.0001502398413580817,
      "flip_1to0_effective_rate": 0.09139459459459459,
      "sa0_conditional": 0.0016438590828329325,
      "sa0_unconditional": 0.0001502398413580817,
      "sa0_effective_rate": 0.09139459459459459,
      "sa1_conditional": 0.00016869866522029042,
      "sa1_unconditional": 0.0001532805159285262,
      "sa1_effective_rate": 0.9086054054054054,
      "nan_rate_flip_0to1": 0.0,
      "inf_rate_flip_0to1": 0.0,
      "nan_rate_flip_1to0": 0.0,
      "inf_rate_flip_1to0": 0.0,
      "nan_rate_sa0": 0.0,
      "inf_rate_sa0": 0.0,
      "nan_rate_sa1": 0.0,
      "inf_rate_sa1": 0.0,
      "flip_0to1_unconditional_norm": 4.675219231678917e-05,
      "flip_1to0_unconditional_norm": 4.5824823799933306e-05,
      "sa0_unconditional_norm": 4.5824823799933306e-05,
      "sa1_unconditional_norm": 4.675219231678917e-05
    },
    {
      "bit": 1,
      "field": "mantissa",
      "p0": 0.9085594594594595,
      "p1": 0.09144054054054054,
      "flip_0to1_conditional": 0.0003352753701619804,
      "flip_0to1_unconditional": 0.00030461757763012036,
      "flip_0to1_effective_rate": 0.9085594594594595,
      "flip_1to0_conditional": 0.003288041800260544,
      "flip_1to0_unconditional": 0.00030066029316670186,
      "flip_1to0_effective_rate": 0.09144054054054054,
      "sa0_conditional": 0.003288041800260544,
      "sa0_unconditional": 0.00030066029316670186,
      "sa0_effective_rate": 0.09144054054054054,
      "sa1_conditional": 0.0003352753701619804,
      "sa1_unconditional": 0.00030461757763012036,
      "sa1_effective_rate": 0.9085594594594595,
      "nan_rate_flip_0to1": 0.0,
      "inf_rate_flip_0to1": 0.0,
      "nan_rate_flip_1to0": 0.0,
      "inf_rate_flip_1to0": 0.0,
      "nan_rate_sa0": 0.0,
      "inf_rate_sa0": 0.0,
      "nan_rate_sa1": 0.0,
      "inf_rate_sa1": 0.0,
      "flip_0to1_unconditional_norm": 9.290458148650722e-05,
      "flip_1to0_unconditional_norm": 9.169784021838928e-05,
      "sa0_unconditional_norm": 9.169784021838928e-05,
      "sa1_unconditional_norm": 9.290458148650722e-05
    },
    {
      "bit": 2,
      "field": "mantissa",
      "p0": 0.9088702702702702,
      "p1": 0.09112972972972973,
      "flip_0to1_conditional": 0.000675002986099571,
      "flip_0to1_unconditional": 0.0006134901304502745,
      "flip_0to1_effective_rate": 0.9088702702702702,
      "flip_1to0_conditional": 0.006475366186350584,
      "flip_1to0_unconditional": 0.000590098406817462,
      "flip_1to0_effective_rate": 0.09112972972972973,
      "sa0_conditional": 0.006475366186350584,
      "sa0_unconditional": 0.000590098406817462,
      "sa0_effective_rate": 0.09112972972972973,
      "sa1_conditional": 0.000675002986099571,
      "sa1_unconditional": 0.0006134901304502745,
      "sa1_effective_rate": 0.9088702702702702,
      "nan_rate_flip_0to1": 0.0,
      "inf_rate_flip_0to1": 0.0,
      "nan_rate_flip_1to0": 0.0,
      "inf_rate_flip_1to0": 0.0,
      "nan_rate_sa0": 0.0,
      "inf_rate_sa0": 0.0,
      "nan_rate_sa1": 0.0,
      "inf_rate_sa1": 0.0,
      "flip_0to1_unconditional_norm": 0.00018707799479962805,
      "flip_1to0_unconditional_norm": 0.00017994701417475823,
      "sa0_unconditional_norm": 0.00017994701417475823,
      "sa1_unconditional_norm": 0.00018707799479962805
    },
    {
      "bit": 3,
      "field": "mantissa",
      "p0": 0.9093270270270271,
      "p1": 0.09067297297297297,
      "flip_0to1_conditional": 0.001356858410872519,
      "flip_0to1_unconditional": 0.0012338279930320945,
      "flip_0to1_effective_rate": 0.9093270270270271,
      "flip_1to0_conditional": 0.012640268541872501,
      "flip_1to0_unconditional": 0.0011461307834934543,
      "flip_1to0_effective_rate": 0.09067297297297297,
      "sa0_conditional": 0.012640268541872501,
      "sa0_unconditional": 0.0011461307834934543,
      "sa0_effective_rate": 0.09067297297297297,
      "sa1_conditional": 0.001356858410872519,
      "sa1_unconditional": 0.0012338279930320945,
      "sa1_effective_rate": 0.9093270270270271,
      "nan_rate_flip_0to1": 0.0,
      "inf_rate_flip_0to1": 0.0,
      "nan_rate_flip_1to0": 0.0,
      "inf_rate_flip_1to0": 0.0,
      "nan_rate_sa0": 0.0,
      "inf_rate_sa0": 0.0,
      "nan_rate_sa1": 0.0,
      "inf_rate_sa1": 0.0,
      "flip_0to1_unconditional_norm": 0.00037612754911840794,
      "flip_1to0_unconditional_norm": 0.00034940870967650875,
      "sa0_unconditional_norm": 0.00034940870967650875,
      "sa1_unconditional_norm": 0.00037612754911840794
    },
    {
      "bit": 4,
      "field": "mantissa",
      "p0": 0.9118972972972973,
      "p1": 0.0881027027027027,
      "flip_0to1_conditional": 0.0027698392514139414,
      "flip_0to1_unconditional": 0.0025258092931798987,
      "flip_0to1_effective_rate": 0.9118972972972973,
      "flip_1to0_conditional": 0.024177758023142815,
      "flip_1to0_unconditional": 0.0021301259633657093,
      "flip_1to0_effective_rate": 0.0881027027027027,
      "sa0_conditional": 0.024177758023142815,
      "sa0_unconditional": 0.0021301259633657093,
      "sa0_effective_rate": 0.0881027027027027,
      "sa1_conditional": 0.0027698392514139414,
      "sa1_unconditional": 0.0025258092931798987,
      "sa1_effective_rate": 0.9118972972972973,
      "nan_rate_flip_0to1": 0.0,
      "inf_rate_flip_0to1": 0.0,
      "nan_rate_flip_1to0": 0.0,
      "inf_rate_flip_1to0": 0.0,
      "nan_rate_sa0": 0.0,
      "inf_rate_sa0": 0.0,
      "nan_rate_sa1": 0.0,
      "inf_rate_sa1": 0.0,
      "flip_0to1_unconditional_norm": 0.0007694864384623781,
      "flip_1to0_unconditional_norm": 0.0006490698773270567,
      "sa0_unconditional_norm": 0.0006490698773270567,
      "sa1_unconditional_norm": 0.0007694864384623781
    },
    {
      "bit": 5,
      "field": "mantissa",
      "p0": 0.916027027027027,
      "p1": 0.08397297297297297,
      "flip_0to1_conditional": 0.005689909216016531,
      "flip_0to1_unconditional": 0.005212110694679054,
      "flip_0to1_effective_rate": 0.916027027027027,
      "flip_1to0_conditional": 0.04428287222981453,
      "flip_1to0_unconditional": 0.0037185645850929053,
      "flip_1to0_effective_rate": 0.08397297297297297,
      "sa0_conditional": 0.04428287222981453,
      "sa0_unconditional": 0.0037185645850929053,
      "sa0_effective_rate": 0.08397297297297297,
      "sa1_conditional": 0.005689909216016531,
      "sa1_unconditional": 0.005212110694679054,
      "sa1_effective_rate": 0.916027027027027,
      "nan_rate_flip_0to1": 0.0,
      "inf_rate_flip_0to1": 0.0,
      "nan_rate_flip_1to0": 0.0,
      "inf_rate_flip_1to0": 0.0,
      "nan_rate_sa0": 0.0,
      "inf_rate_sa0": 0.0,
      "nan_rate_sa1": 0.0,
      "inf_rate_sa1": 0.0,
      "flip_0to1_unconditional_norm": 0.0015857422407694643,
      "flip_1to0_unconditional_norm": 0.0011321850362490087,
      "sa0_unconditional_norm": 0.0011321850362490087,
      "sa1_unconditional_norm": 0.0015857422407694643
    },
    {
      "bit": 6,
      "field": "mantissa",
      "p0": 0.9233594594594594,
      "p1": 0.07664054054054054,
      "flip_0to1_conditional": 0.011688263155519962,
      "flip_0to1_unconditional": 0.010792468591638514,
      "flip_0to1_effective_rate": 0.9233594594594594,
      "flip_1to0_conditional": 0.07525674998760223,