{
  "version": 1,
  "precision": "bf16",
  "source": "activation_input",
  "transform": "log1p",
  "eps": 1e-08,
  "clip_value": null,
  "num_tensors": 113,
  "num_elements": 2000000,
  "bit_indexing": "logical_lsb0",
  "bit_layout": {
    "sign": [
      15
    ],
    "exponent": [
      7,
      14
    ],
    "mantissa": [
      0,
      6
    ]
  },
  "table": [
    {
      "bit": 0,
      "field": "mantissa",
      "p0": 0.506476,
      "p1": 0.493524,
      "flip_0to1_conditional": 0.005632693879306316,
      "flip_0to1_unconditional": 0.00285282421875,
      "flip_0to1_effective_rate": 0.506476,
      "flip_1to0_conditional": 0.005626944825053215,
      "flip_1to0_unconditional": 0.0027770322265625,
      "flip_1to0_effective_rate": 0.493524,
      "sa0_conditional": 0.005626944825053215,
      "sa0_unconditional": 0.0027770322265625,
      "sa0_effective_rate": 0.493524,
      "sa1_conditional": 0.005632693879306316,
      "sa1_unconditional": 0.00285282421875,
      "sa1_effective_rate": 0.506476,
      "nan_rate_flip_0to1": 0.0,
      "inf_rate_flip_0to1": 0.0,
      "nan_rate_flip_1to0": 0.0,
      "inf_rate_flip_1to0": 0.0,
      "nan_rate_sa0": 0.0,
      "inf_rate_sa0": 0.0,
      "nan_rate_sa1": 0.0,
      "inf_rate_sa1": 0.0,
      "flip_0to1_unconditional_norm": 0.0,
      "flip_1to0_unconditional_norm": 0.0,
      "sa0_unconditional_norm": 0.0,
      "sa1_unconditional_norm": 0.0
    },
    {
      "bit": 1,
      "field": "mantissa",
      "p0": 0.4996955,
      "p1": 0.5003045,
      "flip_0to1_conditional": 0.01128271035850048,
      "flip_0to1_unconditional": 0.0056379189453125,
      "flip_0to1_effective_rate": 0.4996955,
      "flip_1to0_conditional": 0.0111712496727705,
      "flip_1to0_unconditional": 0.00558902685546875,
      "flip_1to0_effective_rate": 0.5003045,
      "sa0_conditional": 0.0111712496727705,
      "sa0_unconditional": 0.00558902685546875,
      "sa0_effective_rate": 0.5003045,
      "sa1_conditional": 0.01128271035850048,
      "sa1_unconditional": 0.0056379189453125,
      "sa1_effective_rate": 0.4996955,
      "nan_rate_flip_0to1": 0.0,
      "inf_rate_flip_0to1": 0.0,
      "nan_rate_flip_1to0": 0.0,
      "inf_rate_flip_1to0": 0.0,
      "nan_rate_sa0": 0.0,
      "inf_rate_sa0": 0.0,
      "nan_rate_sa1": 0.0,
      "inf_rate_sa1": 0.0,
      "flip_0to1_unconditional_norm": 8.112136710757472e-05,
      "flip_1to0_unconditional_norm": 0.005102829913404918,
      "sa0_unconditional_norm": 0.005102829913404918,
      "sa1_unconditional_norm": 8.112136710757472e-05
    },
    {
      "bit": 2,
      "field": "mantissa",
      "p0": 0.506552,
      "p1": 0.493448,
      "flip_0to1_conditional": 0.022554447874426842,
      "flip_0to1_unconditional": 0.011425001953125,
      "flip_0to1_effective_rate": 0.506552,
      "flip_1to0_conditional": 0.02208821289241314,
      "flip_1to0_unconditional": 0.0108993837890625,
      "flip_1to0_effective_rate": 0.493448,
      "sa0_conditional": 0.02208821289241314,
      "sa0_unconditional": 0.0108993837890625,
      "sa0_effective_rate": 0.493448,
      "sa1_conditional": 0.022554447874426842,
      "sa1_unconditional": 0.011425001953125,
      "sa1_effective_rate": 0.506552,
      "nan_rate_flip_0to1": 0.0,
      "inf_rate_flip_0to1": 0.0,
      "nan_rate_flip_1to0": 0.0,
      "inf_rate_flip_1to0": 0.0,
      "nan_rate_sa0": 0.0,
      "inf_rate_sa0": 0.0,
      "nan_rate_sa1": 0.0,
      "inf_rate_sa1": 0.0,
      "flip_0to1_unconditional_norm": 0.00024968155311539184,
      "flip_1to0_unconditional_norm": 0.014739351951193927,
      "sa0_unconditional_norm": 0.014739351951193927,
      "sa1_unconditional_norm": 0.00024968155311539184
    },
    {
      "bit": 3,
      "field": "mantissa",
      "p0": 0.5091945,
      "p1": 0.4908055,
      "flip_0to1_conditional": 0.04511764273047447,
      "flip_0to1_unconditional": 0.02297366015625,
      "flip_0to1_effective_rate": 0.5091945,
      "flip_1to0_conditional": 0.04313156008720398,
      "flip_1to0_unconditional": 0.021169208984375,
      "flip_1to0_effective_rate": 0.4908055,
      "sa0_conditional": 0.04313156008720398,
      "sa0_unconditional": 0.021169208984375,
      "sa0_effective_rate": 0.4908055,
      "sa1_conditional": 0.04511764273047447,
      "sa1_unconditional": 0.02297366015625,
      "sa1_effective_rate": 0.5091945,
      "nan_rate_flip_0to1": 0.0,
      "inf_rate_flip_0to1": 0.0,
      "nan_rate_flip_1to0": 0.0,
      "inf_rate_flip_1to0": 0.0,
      "nan_rate_sa0": 0.0,
      "inf_rate_sa0": 0.0,
      "nan_rate_sa1": 0.0,
      "inf_rate_sa1": 0.0,
      "flip_0to1_unconditional_norm": 0.0005860589598730804,
      "flip_1to0_unconditional_norm": 0.03337565042537117,
      "sa0_unconditional_norm": 0.03337565042537117,
      "sa1_unconditional_norm": 0.0005860589598730804
    },
    {
      "bit": 4,
      "field": "mantissa",
      "p0": 0.5213285,
      "p1": 0.4786715,
      "flip_0to1_conditional": 0.09006861597299576,
      "flip_0to1_unconditional": 0.0469553359375,
      "flip_0to1_effective_rate": 0.5213285,
      "flip_1to0_conditional": 0.08230666816234589,
      "flip_1to0_unconditional": 0.0393978515625,
      "flip_1to0_effective_rate": 0.4786715,
      "sa0_conditional": 0.08230666816234589,
      "sa0_unconditional": 0.0393978515625,
      "sa0_effective_rate": 0.4786715,
      "sa1_conditional": 0.09006861597299576,
      "sa1_unconditional": 0.0469553359375,
      "sa1_effective_rate": 0.5213285,
      "nan_rate_flip_0to1": 0.0,
      "inf_rate_flip_0to1": 0.0,
      "nan_rate_flip_1to0": 0.0,
      "inf_rate_flip_1to0": 0.0,
      "nan_rate_sa0": 0.0,
      "inf_rate_sa0": 0.0,
      "nan_rate_sa1": 0.0,
      "inf_rate_sa1": 0.0,
      "flip_0to1_unconditional_norm": 0.0012845724812809343,
      "flip_1to0_unconditional_norm": 0.06645454100084956,
      "sa0_unconditional_norm": 0.06645454100084956,
      "sa1_unconditional_norm": 0.0012845724812809343
    },
    {
      "bit": 5,
      "field": "mantissa",
      "p0": 0.543966,
      "p1": 0.456034,
      "flip_0to1_conditional": 0.17841516435146332,
      "flip_0to1_unconditional": 0.0970517890625,
      "flip_0to1_effective_rate": 0.543966,
      "flip_1to0_conditional": 0.1503640115261078,
      "flip_1to0_unconditional": 0.0685711015625,
      "flip_1to0_effective_rate": 0.456034,
      "sa0_conditional": 0.1503640115261078,
      "sa0_unconditional": 0.0685711015625,
      "sa0_effective_rate": 0.456034,
      "sa1_conditional": 0.17841516435146332,
      "sa1_unconditional": 0.0970517890625,
      "sa1_effective_rate": 0.543966,
      "nan_rate_flip_0to1": 0.0,
      "inf_rate_flip_0to1": 0.0,
      "nan_rate_flip_1to0": 0.0,
      "inf_rate_flip_1to0": 0.0,
      "nan_rate_sa0": 0.0,
      "inf_rate_sa0": 0.0,
      "nan_rate_sa1": 0.0,
      "inf_rate_sa1": 0.0,
      "flip_0to1_unconditional_norm": 0.00274373030667971,
      "flip_1to0_unconditional_norm": 0.11939423414284635,
      "sa0_unconditional_norm": 0.11939423414284635,
      "sa1_unconditional_norm": 0.00274373030667971
    },
    {
      "bit": 6,
      "field": "mantissa",
      "p0": 0.585379,
      "p1": 0.414621,
      "flip_0to1_conditional": 0.3441504240036011,
      "flip_0to1_unconditional": 0.201458421875,
      "flip_0to1_effective_rate": 0.585379,
      "flip_1to0_conditional": 0.25472700595855713,
      "flip_1to0_unconditional": 0.105615171875,
      "flip_1to0_effective_rate": 0.414621,
      "sa0_conditional": 0.25472700595855713,
      "sa0_unconditional": 0.105615171875,
      "sa0_effective_rate": 0.414621,
      "sa1_conditional": 0.3441504240036011,
      "sa1_unconditional": 0.201458421875,
      "sa1_effective_rate": 0.585379,
      "nan_rate_flip_0to1": 0.0,
      "inf_rate_flip_0to1": 0.0,
      "nan_rate_flip_1to0": 0.0,
      "inf_rate_flip_1to0": 0.0,
      "nan_rate_sa0": 0.0,
      "inf_rate_sa0": 0.0,
      "nan_rate_sa1": 0.0,
      "inf_rate_sa1": 0.0,
      "flip_0to1_unconditional_norm": 0.005784779039446576,