{
  "version": 1,
  "precision": "bf16",
  "source": "weight",
  "transform": "log1p",
  "eps": 1e-08,
  "clip_value": null,
  "num_tensors": 112,
  "num_elements": 2000000,
  "bit_indexing": "logical_lsb0",
  "bit_layout": {
    "sign": [
      15
    ],
    "exponent": [
      7,
      14
    ],
    "mantissa": [
      0,
      6
    ]
  },
  "table": [
    {
      "bit": 0,
      "field": "mantissa",
      "p0": 0.4994455,
      "p1": 0.5005545,
      "flip_0to1_conditional": 0.005637757480144501,
      "flip_0to1_unconditional": 0.00281575244140625,
      "flip_0to1_effective_rate": 0.4994455,
      "flip_1to0_conditional": 0.005613128654658794,
      "flip_1to0_unconditional": 0.002809677001953125,
      "flip_1to0_effective_rate": 0.5005545,
      "sa0_conditional": 0.005613128654658794,
      "sa0_unconditional": 0.002809677001953125,
      "sa0_effective_rate": 0.5005545,
      "sa1_conditional": 0.005637757480144501,
      "sa1_unconditional": 0.00281575244140625,
      "sa1_effective_rate": 0.4994455,
      "nan_rate_flip_0to1": 0.0,
      "inf_rate_flip_0to1": 0.0,
      "nan_rate_flip_1to0": 0.0,
      "inf_rate_flip_1to0": 0.0,
      "nan_rate_sa0": 0.0,
      "inf_rate_sa0": 0.0,
      "nan_rate_sa1": 0.0,
      "inf_rate_sa1": 0.0,
      "flip_0to1_unconditional_norm": 3.1737707989379306e-05,
      "flip_1to0_unconditional_norm": 0.004053522753124528,
      "sa0_unconditional_norm": 0.004053522753124528,
      "sa1_unconditional_norm": 3.1737707989379306e-05
    },
    {
      "bit": 1,
      "field": "mantissa",
      "p0": 0.500261,
      "p1": 0.499739,
      "flip_0to1_conditional": 0.011275260709226131,
      "flip_0to1_unconditional": 0.0056405732421875,
      "flip_0to1_effective_rate": 0.500261,
      "flip_1to0_conditional": 0.011161000467836857,
      "flip_1to0_unconditional": 0.0055775869140625,
      "flip_1to0_effective_rate": 0.499739,
      "sa0_conditional": 0.011161000467836857,
      "sa0_unconditional": 0.0055775869140625,
      "sa0_effective_rate": 0.499739,
      "sa1_conditional": 0.011275260709226131,
      "sa1_unconditional": 0.0056405732421875,
      "sa1_effective_rate": 0.500261,
      "nan_rate_flip_0to1": 0.0,
      "inf_rate_flip_0to1": 0.0,
      "nan_rate_flip_1to0": 0.0,
      "inf_rate_flip_1to0": 0.0,
      "nan_rate_sa0": 0.0,
      "inf_rate_sa0": 0.0,
      "nan_rate_sa1": 0.0,
      "inf_rate_sa1": 0.0,
      "flip_0to1_unconditional_norm": 6.357762984442174e-05,
      "flip_1to0_unconditional_norm": 0.008046788099829833,
      "sa0_unconditional_norm": 0.008046788099829833,
      "sa1_unconditional_norm": 6.357762984442174e-05
    },
    {
      "bit": 2,
      "field": "mantissa",
      "p0": 0.502896,
      "p1": 0.497104,
      "flip_0to1_conditional": 0.022551657631993294,
      "flip_0to1_unconditional": 0.011341138671875,
      "flip_0to1_effective_rate": 0.502896,
      "flip_1to0_conditional": 0.022059671580791473,
      "flip_1to0_unconditional": 0.0109659501953125,
      "flip_1to0_effective_rate": 0.497104,
      "sa0_conditional": 0.022059671580791473,
      "sa0_unconditional": 0.0109659501953125,
      "sa0_effective_rate": 0.497104,
      "sa1_conditional": 0.022551657631993294,
      "sa1_unconditional": 0.011341138671875,
      "sa1_effective_rate": 0.502896,
      "nan_rate_flip_0to1": 0.0,
      "inf_rate_flip_0to1": 0.0,
      "nan_rate_flip_1to0": 0.0,
      "inf_rate_flip_1to0": 0.0,
      "nan_rate_sa0": 0.0,
      "inf_rate_sa0": 0.0,
      "nan_rate_sa1": 0.0,
      "inf_rate_sa1": 0.0,
      "flip_0to1_unconditional_norm": 0.00012783146065755086,
      "flip_1to0_unconditional_norm": 0.015820583147255006,
      "sa0_unconditional_norm": 0.015820583147255006,
      "sa1_unconditional_norm": 0.00012783146065755086
    },
    {
      "bit": 3,
      "field": "mantissa",
      "p0": 0.509271,
      "p1": 0.490729,
      "flip_0to1_conditional": 0.045096494257450104,
      "flip_0to1_unconditional": 0.0229663359375,
      "flip_0to1_effective_rate": 0.509271,
      "flip_1to0_conditional": 0.04308486357331276,
      "flip_1to0_unconditional": 0.021142990234375,
      "flip_1to0_effective_rate": 0.490729,
      "sa0_conditional": 0.04308486357331276,
      "sa0_unconditional": 0.021142990234375,
      "sa0_effective_rate": 0.490729,
      "sa1_conditional": 0.045096494257450104,
      "sa1_unconditional": 0.0229663359375,
      "sa1_effective_rate": 0.509271,
      "nan_rate_flip_0to1": 0.0,
      "inf_rate_flip_0to1": 0.0,
      "nan_rate_flip_1to0": 0.0,
      "inf_rate_flip_1to0": 0.0,
      "nan_rate_sa0": 0.0,
      "inf_rate_sa0": 0.0,
      "nan_rate_sa1": 0.0,
      "inf_rate_sa1": 0.0,
      "flip_0to1_unconditional_norm": 0.0002588646831488973,
      "flip_1to0_unconditional_norm": 0.03050300512284956,
      "sa0_unconditional_norm": 0.03050300512284956,
      "sa1_unconditional_norm": 0.0002588646831488973
    },
    {
      "bit": 4,
      "field": "mantissa",
      "p0": 0.520213,
      "p1": 0.479787,
      "flip_0to1_conditional": 0.09003767371177673,
      "flip_0to1_unconditional": 0.0468387734375,
      "flip_0to1_effective_rate": 0.520213,
      "flip_1to0_conditional": 0.08222657442092896,
      "flip_1to0_unconditional": 0.03945123828125,
      "flip_1to0_effective_rate": 0.479787,
      "sa0_conditional": 0.08222657442092896,
      "sa0_unconditional": 0.03945123828125,
      "sa0_effective_rate": 0.479787,
      "sa1_conditional": 0.09003767371177673,
      "sa1_unconditional": 0.0468387734375,
      "sa1_effective_rate": 0.520213,
      "nan_rate_flip_0to1": 0.0,
      "inf_rate_flip_0to1": 0.0,
      "nan_rate_flip_1to0": 0.0,
      "inf_rate_flip_1to0": 0.0,
      "nan_rate_sa0": 0.0,
      "inf_rate_sa0": 0.0,
      "nan_rate_sa1": 0.0,
      "inf_rate_sa1": 0.0,
      "flip_0to1_unconditional_norm": 0.0005279424753682011,
      "flip_1to0_unconditional_norm": 0.05691632593384208,
      "sa0_unconditional_norm": 0.05691632593384208,
      "sa1_unconditional_norm": 0.0005279424753682011
    },
    {
      "bit": 5,
      "field": "mantissa",
      "p0": 0.54154,
      "p1": 0.45846,
      "flip_0to1_conditional": 0.17842017114162445,
      "flip_0to1_unconditional": 0.09662165625,
      "flip_0to1_effective_rate": 0.54154,
      "flip_1to0_conditional": 0.1502605676651001,
      "flip_1to0_unconditional": 0.068888453125,
      "flip_1to0_effective_rate": 0.45846,
      "sa0_conditional": 0.1502605676651001,
      "sa0_unconditional": 0.068888453125,
      "sa0_effective_rate": 0.45846,
      "sa1_conditional": 0.17842017114162445,
      "sa1_unconditional": 0.09662165625,
      "sa1_effective_rate": 0.54154,
      "nan_rate_flip_0to1": 0.0,
      "inf_rate_flip_0to1": 0.0,
      "nan_rate_flip_1to0": 0.0,
      "inf_rate_flip_1to0": 0.0,
      "nan_rate_sa0": 0.0,
      "inf_rate_sa0": 0.0,
      "nan_rate_sa1": 0.0,
      "inf_rate_sa1": 0.0,
      "flip_0to1_unconditional_norm": 0.0010890694318216349,
      "flip_1to0_unconditional_norm": 0.09938541404425771,
      "sa0_unconditional_norm": 0.09938541404425771,
      "sa1_unconditional_norm": 0.0010890694318216349
    },
    {
      "bit": 6,
      "field": "mantissa",
      "p0": 0.582901,
      "p1": 0.417099,
      "flip_0to1_conditional": 0.3442809581756592,
      "flip_0to1_unconditional": 0.20068171875,
      "flip_0to1_effective_rate": 0.582901,
      "flip_1to0_conditional": 0.2546359896659851,
      "flip_1to0_unconditional": 0.10620840625,
      "flip_1to0_effective_rate": 0.417099,
      "sa0_conditional": 0.2546359896659851,
      "sa0_unconditional": 0.10620840625,
      "sa0_effective_rate": 0.417099,
      "sa1_conditional": 0.3442809581756592,
      "sa1_unconditional": 0.20068171875,
      "sa1_effective_rate": 0.582901,
      "nan_rate_flip_0to1": 0.0,
      "inf_rate_flip_0to1": 0.0,
      "nan_rate_flip_1to0": 0.0,
      "inf_rate_flip_1to0": 0.0,
      "nan_rate_sa0": 0.0,
      "inf_rate_sa0": 0.0,
      "nan_rate_sa1": 0.0,
      "inf_rate_sa1": 0.0,